{
  "success":true,
  "terms":"https:\/\/currencylayer.com\/terms",
  "privacy":"https:\/\/currencylayer.com\/privacy",
  "timestamp":1693150684,
  "source":"USD",
  "quotes":{
    "USDRUB":95.000341,
    "USDEUR":0.926404,
    "USDGBP":0.794849,
    "USDJPY":146.43504,
    "USDCHF":0.884508,
    "USDCNY":7.289204,
    "USDUAH":36.952901,
    "USDPLN":4.138691,
    "USDTRY":26.549604,
    "USDCAD":1.36085,
    "USDSEK":11.05265,
    "USDDKK":6.904404,
    "USDNOK":10.69775,
    "USDAUD":1.561504,
    "USDSGD":1.35615,
    "USDBYN":2.525541,
    "USDKZT":465.243366,
    "USDAMD":386.143658,
    "USDIRR":42275.000352,
    "USDINR":82.54825,
    "USDGEL":2.63504,
    "USDNZD":1.694341
  }
}