{
  "success":true,
  "terms":"https:\/\/currencylayer.com\/terms",
  "privacy":"https:\/\/currencylayer.com\/privacy",
  "timestamp":1692321003,
  "source":"USD",
  "quotes":{
    "USDRUB":94.502918,
    "USDEUR":0.91859,
    "USDGBP":0.784065,
    "USDJPY":145.544987,
    "USDCHF":0.877965,
    "USDCNY":7.281898,
    "USDUAH":36.925904,
    "USDPLN":4.11486,
    "USDTRY":27.142196,
    "USDCAD":1.353865,
    "USDSEK":10.92043,
    "USDDKK":6.84566,
    "USDNOK":10.572755,
    "USDAUD":1.559005,
    "USDSGD":1.356965,
    "USDBYN":2.523644,
    "USDKZT":462.180126,
    "USDAMD":386.1499,
    "USDIRR":42274.999714,
    "USDINR":83.101977,
    "USDGEL":2.619829,
    "USDNZD":1.68634
  }
}